state,state_po,state_fips,state_cen,state_ic,candidate,party_detailed,writein,candidatevotes,totalvotes,version,party_simplified
ALABAMA,AL,1,63,41,"BIDEN, JOSEPH R. JR",DEMOCRAT,FALSE,849624,2323282,20210113,DEMOCRAT
ALABAMA,AL,1,63,41,"TRUMP, DONALD J.",REPUBLICAN,FALSE,1441170,2323282,20210113,REPUBLICAN
ALABAMA,AL,1,63,41,"JORGENSEN, JO",LIBERTARIAN,FALSE,25176,2323282,20210113,LIBERTARIAN
ALABAMA,AL,1,63,41,,,TRUE,7312,2323282,20210113,OTHER
ALASKA,AK,2,94,81,"BIDEN, JOSEPH R. JR",DEMOCRAT,FALSE,153778,359530,20210113,DEMOCRAT
ALASKA,AK,2,94,81,"TRUMP, DONALD J.",REPUBLICAN,FALSE,189951,359530,20210113,REPUBLICAN
ALASKA,AK,2,94,81,"JORGENSEN, JO",LIBERTARIAN,FALSE,8897,359530,20210113,LIBERTARIAN
ALASKA,AK,2,94,81,"DE LA FUENTE, ROQUE """"ROCKY""""",ALLIANCE,FALSE,318,359530,20210113,OTHER
ALASKA,AK,2,94,81,"PIERCE, BROCK",INDEPENDENT,FALSE,825,359530,20210113,OTHER
ALASKA,AK,2,94,81,"JANOS, JAMES G. ""JESSE VENTURA""",GREEN,FALSE,2673,359530,20210113,OTHER
ALASKA,AK,2,94,81,"BLANKENSHIP, DON",CONSTITUTION PARTY,FALSE,1127,359530,20210113,OTHER
ALASKA,AK,2,94,81,,,TRUE,1961,359530,20210113,OTHER
ARIZONA,AZ,4,86,61,"BIDEN, JOSEPH R. JR",DEMOCRAT,FALSE,1672143,3387326,20210113,DEMOCRAT
ARIZONA,AZ,4,86,61,"TRUMP, DONALD J.",REPUBLICAN,FALSE,1661686,3387326,20210113,REPUBLICAN
ARIZONA,AZ,4,86,61,"JORGENSEN, JO",LIBERTARIAN,FALSE,51465,3387326,20210113,LIBERTARIAN
ARIZONA,AZ,4,86,61,"LA RIVA, GLORIA ESTELLA",PARTY FOR SOCIALISM AND LIBERATION,TRUE,190,3387326,20210113,OTHER
ARIZONA,AZ,4,86,61,"CUMMINGS, DANIEL CLYDE",CONSTITUTION PARTY,TRUE,36,3387326,20210113,OTHER
ARIZONA,AZ,4,86,61,"SIMMONS, JADE",INDEPENDENT,TRUE,236,3387326,20210113,OTHER
ARIZONA,AZ,4,86,61,"BODDIE, R. PRESIDENT",INDEPENDENT,TRUE,13,3387326,20210113,OTHER
ARIZONA,AZ,4,86,61,"HAWKINS, HOWIE",GREEN,TRUE,1557,3387326,20210113,OTHER
ARKANSAS,AR,5,71,42,"CARROLL, BRIAN",AMERICAN SOLIDARITY PARTY,FALSE,1713,1219069,20210113,OTHER
ARKANSAS,AR,5,71,42,"BLANKENSHIP, DON",CONSTITUTION PARTY,FALSE,2108,1219069,20210113,OTHER
ARKANSAS,AR,5,71,42,"BIDEN, JOSEPH R. JR",DEMOCRAT,FALSE,423932,1219069,20210113,DEMOCRAT
ARKANSAS,AR,5,71,42,"HAWKINS, HOWIE",GREEN,FALSE,2980,1219069,20210113,OTHER
ARKANSAS,AR,5,71,42,"PIERCE, BROCK",INDEPENDENT,FALSE,2141,1219069,20210113,OTHER
ARKANSAS,AR,5,71,42,"GAMMON, C. L.",INDEPENDENT,FALSE,1475,1219069,20210113,OTHER
ARKANSAS,AR,5,71,42,"WEST, KANYE",INDEPENDENT,FALSE,4099,1219069,20210113,OTHER
ARKANSAS,AR,5,71,42,"COLLINS, PHIL",INDEPENDENT,FALSE,2812,1219069,20210113,OTHER
ARKANSAS,AR,5,71,42,"DE LA FUENTE, ROQUE """"ROCKY""""",INDEPENDENT,FALSE,1321,1219069,20210113,OTHER
ARKANSAS,AR,5,71,42,"JORGENSEN, JO",LIBERTARIAN,FALSE,13133,1219069,20210113,LIBERTARIAN
ARKANSAS,AR,5,71,42,"MYERS, JOHN RICHARD",LIFE AND LIBERTY PARTY,FALSE,1372,1219069,20210113,OTHER
ARKANSAS,AR,5,71,42,"TRUMP, DONALD J.",REPUBLICAN,FALSE,760647,1219069,20210113,REPUBLICAN
ARKANSAS,AR,5,71,42,"LA RIVA, GLORIA ESTELLA",PARTY FOR SOCIALISM AND LIBERATION,FALSE,1336,1219069,20210113,OTHER
CALIFORNIA,CA,6,93,71,"BIDEN, JOSEPH R. JR",DEMOCRAT,FALSE,11110250,17500881,20210113,DEMOCRAT
CALIFORNIA,CA,6,93,71,"TRUMP, DONALD J.",REPUBLICAN,FALSE,6006429,17500881,20210113,REPUBLICAN
CALIFORNIA,CA,6,93,71,"JORGENSEN, JO",LIBERTARIAN,FALSE,187895,17500881,20210113,LIBERTARIAN
CALIFORNIA,CA,6,93,71,"HAWKINS, HOWIE",GREEN,FALSE,81029,17500881,20210113,OTHER
CALIFORNIA,CA,6,93,71,"DE LA FUENTE, ROQUE """"ROCKY""""",AMERICAN INDEPENDENT,FALSE,60160,17500881,20210113,OTHER
CALIFORNIA,CA,6,93,71,"LA RIVA, GLORIA ESTELLA",PEACE & FREEDOM,FALSE,51037,17500881,20210113,OTHER
CALIFORNIA,CA,6,93,71,"CARROLL, BRIAN",AMERICAN SOLIDARITY PARTY,TRUE,2605,17500881,20210113,OTHER
CALIFORNIA,CA,6,93,71,"JANOS, JAMES G. ""JESSE VENTURA""",INDEPENDENT,TRUE,611,17500881,20210113,OTHER
CALIFORNIA,CA,6,93,71,MARK CHARLES,INDEPENDENT,TRUE,559,17500881,20210113,OTHER
CALIFORNIA,CA,6,93,71,"PIERCE, BROCK",INDEPENDENT,TRUE,185,17500881,20210113,OTHER
CALIFORNIA,CA,6,93,71,JOSEPH KISHORE,INDEPENDENT,TRUE,121,17500881,20210113,OTHER
COLORADO,CO,8,84,62,"BIDEN, JOSEPH R. JR",DEMOCRAT,FALSE,1804352,3279980,20210113,DEMOCRAT
COLORADO,CO,8,84,62,"TRUMP, DONALD J.",REPUBLICAN,FALSE,1364607,3279980,20210113,REPUBLICAN
COLORADO,CO,8,84,62,"JORGENSEN, JO",LIBERTARIAN,FALSE,52460,3279980,20210113,LIBERTARIAN
COLORADO,CO,8,84,62,"HAWKINS, HOWIE",GREEN,FALSE,8986,3279980,20210113,OTHER
COLORADO,CO,8,84,62,"LA RIVA, GLORIA ESTELLA",PARTY FOR SOCIALISM AND LIBERATION,FALSE,1035,3279980,20210113,OTHER
COLORADO,CO,8,84,62,"DE LA FUENTE, ROQUE """"ROCKY""""",ALLIANCE,FALSE,636,3279980,20210113,OTHER
COLORADO,CO,8,84,62,"PIERCE, BROCK",INDEPENDENT,FALSE,572,3279980,20210113,OTHER
COLORADO,CO,8,84,62,"WEST, KANYE",INDEPENDENT,FALSE,8089,3279980,20210113,OTHER
COLORADO,CO,8,84,62,"BLANKENSHIP, DON",CONSTITUTION PARTY,FALSE,5061,3279980,20210113,OTHER
COLORADO,CO,8,84,62,"HAMMONS, BILL",UNITY PARTY,FALSE,2730,3279980,20210113,OTHER
COLORADO,CO,8,84,62,"HUBER, BLAKE",APPROVAL VOTING PARTY,FALSE,355,3279980,20210113,OTHER
COLORADO,CO,8,84,62,"CARROLL, BRIAN",AMERICAN SOLIDARITY PARTY,FALSE,25515,3279980,20210113,OTHER
COLORADO,CO,8,84,62,"CHARLES, MARK",INDEPENDENT,FALSE,2011,3279980,20210113,OTHER
COLORADO,CO,8,84,62,"COLLINS, PHIL",PROHIBITION PARTY,FALSE,568,3279980,20210113,OTHER
COLORADO,CO,8,84,62,"HUNTER, PHIL",PROGRESSIVE PARTY,FALSE,379,3279980,20210113,OTHER
COLORADO,CO,8,84,62,"JACOB?FAMBRO, PRINCESS KHADIJAH MARYAM",INDEPENDENT,FALSE,495,3279980,20210113,OTHER
COLORADO,CO,8,84,62,"KENNEDY, ALYSON",SOCIALIST WORKERS PARTY,FALSE,354,3279980,20210113,OTHER
COLORADO,CO,8,84,62,"KISHORE, JOSEPH",SOCIALIST EQUALITY PARTY,FALSE,196,3279980,20210113,OTHER
COLORADO,CO,8,84,62,"KOPITKE, KYLE KENLEY",INDEPENDENT AMERICAN PARTY,FALSE,762,3279980,20210113,OTHER
COLORADO,CO,8,84,62,"MCHUGH, JOE",INDEPENDENT,FALSE,614,3279980,20210113,OTHER
COLORADO,CO,8,84,62,"SCOTT, JORDAN ""CANCER""",INDEPENDENT,FALSE,175,3279980,20210113,OTHER
COLORADO,CO,8,84,62,"CELLA, TODD",INDEPENDENT,FALSE,4,3279980,20210113,OTHER
COLORADO,CO,8,84,62,"HOEFLING, TOM",NON-AFFILIATED,FALSE,24,3279980,20210113,OTHER
CONNECTICUT,CT,9,16,1,"BIDEN, JOSEPH R. JR",DEMOCRAT,FALSE,1080831,1823857,20210113,DEMOCRAT
CONNECTICUT,CT,9,16,1,"TRUMP, DONALD J.",REPUBLICAN,FALSE,714717,1823857,20210113,REPUBLICAN
CONNECTICUT,CT,9,16,1,"JORGENSEN, JO",LIBERTARIAN,FALSE,20230,1823857,20210113,LIBERTARIAN
CONNECTICUT,CT,9,16,1,"HAWKINS, HOWIE",GREEN,FALSE,7538,1823857,20210113,OTHER
CONNECTICUT,CT,9,16,1,"CARROLL, BRIAN",AMERICAN SOLIDARITY PARTY,TRUE,219,1823857,20210113,OTHER
CONNECTICUT,CT,9,16,1,"CHARLES, MARK",INDEPENDENT,TRUE,11,1823857,20210113,OTHER
CONNECTICUT,CT,9,16,1,"KLOJZY, JEFFREY J.",,TRUE,0,1823857,20210113,OTHER
CONNECTICUT,CT,9,16,1,"WEINSTEIN, KARYNN KRILL",,TRUE,1,1823857,20210113,OTHER
CONNECTICUT,CT,9,16,1,"WELLS, KASEY",NON-AFFILIATED,TRUE,6,1823857,20210113,OTHER
CONNECTICUT,CT,9,16,1,"SIMMONS, MARY RUTH CARO",,TRUE,2,1823857,20210113,OTHER
CONNECTICUT,CT,9,16,1,"DE LA FUENTE, ROQUE """"ROCKY""""",ALLIANCE,TRUE,13,1823857,20210113,OTHER
CONNECTICUT,CT,9,16,1,"HOWARD, SHAWN W.",,TRUE,12,1823857,20210113,OTHER
CONNECTICUT,CT,9,16,1,"SIMMONS, JADE",INDEPENDENT,TRUE,22,1823857,20210113,OTHER
CONNECTICUT,CT,9,16,1,"WEST, KANYE",INDEPENDENT,TRUE,255,1823857,20210113,OTHER
DELAWARE,DE,10,51,11,"BELLAR, BARBARA",,TRUE,7,504346,20210113,OTHER
DELAWARE,DE,10,51,11,"CARROLL, BRIAN",AMERICAN SOLIDARITY PARTY,TRUE,87,504346,20210113,OTHER
DELAWARE,DE,10,51,11,"PIERCE, BROCK",INDEPENDENT,TRUE,5,504346,20210113,OTHER
DELAWARE,DE,10,51,11,"ROUSE, DEBORAH",,TRUE,1,504346,20210113,OTHER
DELAWARE,DE,10,51,11,"BALL, DENNIS ANDREW",,TRUE,3,504346,20210113,OTHER
DELAWARE,DE,10,51,11,"LA RIVA, GLORIA ESTELLA",PARTY FOR SOCIALISM AND LIBERATION,TRUE,14,504346,20210113,OTHER
DELAWARE,DE,10,51,11,"SIMMONS, JADE",INDEPENDENT,TRUE,28,504346,20210113,OTHER
DELAWARE,DE,10,51,11,"WEST, KANYE",INDEPENDENT,TRUE,169,504346,20210113,OTHER
DELAWARE,DE,10,51,11,"WELLS, KASEY",NON-AFFILIATED,TRUE,1,504346,20210113,OTHER
DELAWARE,DE,10,51,11,"GIBSON, KATHRYN",,TRUE,1,504346,20210113,OTHER
DELAWARE,DE,10,51,11,"CHARLES, MARK",INDEPENDENT,TRUE,8,504346,20210113,OTHER
DELAWARE,DE,10,51,11,"WILLIAMS, MITCHELL",,TRUE,2,504346,20210113,OTHER
DELAWARE,DE,10,51,11,"BODDIE, R. PRESIDENT",INDEPENDENT,TRUE,1,504346,20210113,OTHER
DELAWARE,DE,10,51,11,"JACOB?FAMBRO, PRINCESS KHADIJAH MARYAM",INDEPENDENT,TRUE,2,504346,20210113,OTHER
DELAWARE,DE,10,51,11,"HOWARD, SHAWN W.",,TRUE,4,504346,20210113,OTHER
DELAWARE,DE,10,51,11,"CELLA, TODD",INDEPENDENT,TRUE,2,504346,20210113,OTHER
DELAWARE,DE,10,51,11,"HOEFLING, TOM",NON-AFFILIATED,TRUE,1,504346,20210113,OTHER
DELAWARE,DE,10,51,11,"BIDEN, JOSEPH R. JR",DEMOCRAT,FALSE,296268,504346,20210113,DEMOCRAT
DELAWARE,DE,10,51,11,"TRUMP, DONALD J.",REPUBLICAN,FALSE,200603,504346,20210113,REPUBLICAN
DELAWARE,DE,10,51,11,"JORGENSEN, JO",LIBERTARIAN,FALSE,5000,504346,20210113,LIBERTARIAN
DELAWARE,DE,10,51,11,"HAWKINS, HOWIE",GREEN,FALSE,2139,504346,20210113,OTHER
DISTRICT OF COLUMBIA,DC,11,53,55,"BIDEN, JOSEPH R. JR",DEMOCRAT,TRUE,317323,344356,20210113,DEMOCRAT
DISTRICT OF COLUMBIA,DC,11,53,55,"TRUMP, DONALD J.",REPUBLICAN,TRUE,18586,344356,20210113,REPUBLICAN
DISTRICT OF COLUMBIA,DC,11,53,55,"JORGENSEN, JO",LIBERTARIAN,TRUE,2036,344356,20210113,LIBERTARIAN
DISTRICT OF COLUMBIA,DC,11,53,55,"HAWKINS, HOWIE",DC STATEHOOD GREEN,TRUE,1726,344356,20210113,OTHER
DISTRICT OF COLUMBIA,DC,11,53,55,"LA RIVA, GLORIA ESTELLA",INDEPENDENT,TRUE,855,344356,20210113,OTHER
DISTRICT OF COLUMBIA,DC,11,53,55,,,TRUE,3137,344356,20210113,OTHER
DISTRICT OF COLUMBIA,DC,11,53,55,"PIERCE, BROCK",INDEPENDENT,FALSE,693,344356,20210113,OTHER
FLORIDA,FL,12,59,43,"BIDEN, JOSEPH R. JR",DEMOCRAT,FALSE,5297045,11067456,20210113,DEMOCRAT
FLORIDA,FL,12,59,43,"TRUMP, DONALD J.",REPUBLICAN,FALSE,5668731,11067456,20210113,REPUBLICAN
FLORIDA,FL,12,59,43,"JORGENSEN, JO",LIBERTARIAN,FALSE,70324,11067456,20210113,LIBERTARIAN
FLORIDA,FL,12,59,43,"HAWKINS, HOWIE",GREEN,FALSE,14721,11067456,20210113,OTHER
FLORIDA,FL,12,59,43,"LA RIVA, GLORIA ESTELLA",PARTY FOR SOCIALISM AND LIBERATION,FALSE,5712,11067456,20210113,OTHER
FLORIDA,FL,12,59,43,"DE LA FUENTE, ROQUE """"ROCKY""""",ALLIANCE,FALSE,5966,11067456,20210113,OTHER
FLORIDA,FL,12,59,43,"HOWARD, SHAWN W.",,TRUE,9,11067456,20210113,OTHER
FLORIDA,FL,12,59,43,"BLANKENSHIP, DON",CONSTITUTION PARTY,FALSE,3902,11067456,20210113,OTHER
FLORIDA,FL,12,59,43,"WELLS, KASEY",NON-AFFILIATED,TRUE,8,11067456,20210113,OTHER
FLORIDA,FL,12,59,43,"WALLS-WINDHAUSER, ANGELA",,TRUE,2,11067456,20210113,OTHER
FLORIDA,FL,12,59,43,"SIMMONS, JADE",INDEPENDENT,TRUE,181,11067456,20210113,OTHER
FLORIDA,FL,12,59,43,"CARROLL, BRIAN",AMERICAN SOLIDARITY PARTY,TRUE,854,11067456,20210113,OTHER
FLORIDA,FL,12,59,43,"LABOCH, MICHAEL",,TRUE,1,11067456,20210113,OTHER
GEORGIA,GA,13,58,44,"BELLAR, BARBARA",,TRUE,10,4999960,20210113,OTHER
GEORGIA,GA,13,58,44,"CARROLL, BRIAN",AMERICAN SOLIDARITY PARTY,TRUE,701,4999960,20210113,OTHER
GEORGIA,GA,13,58,44,"BYRNE, DAVID",,TRUE,6,4999960,20210113,OTHER
GEORGIA,GA,13,58,44,"ROUSE, DEBORAH",,TRUE,1,4999960,20210113,OTHER
GEORGIA,GA,13,58,44,"BLANKENSHIP, DON",CONSTITUTION PARTY,TRUE,61,4999960,20210113,OTHER
GEORGIA,GA,13,58,44,"LA RIVA, GLORIA ESTELLA",PARTY FOR SOCIALISM AND LIBERATION,TRUE,159,4999960,20210113,OTHER
GEORGIA,GA,13,58,44,"HAWKINS, HOWIE",GREEN,TRUE,1013,4999960,20210113,OTHER
GEORGIA,GA,13,58,44,"SIMMONS, JADE",INDEPENDENT,TRUE,181,4999960,20210113,OTHER
GEORGIA,GA,13,58,44,"WELLS, KASEY",NON-AFFILIATED,TRUE,6,4999960,20210113,OTHER
GEORGIA,GA,13,58,44,"GIBSON, KATHRYN",,TRUE,2,4999960,20210113,OTHER
GEORGIA,GA,13,58,44,"COLLINS, LOREN",,TRUE,11,4999960,20210113,OTHER
GEORGIA,GA,13,58,44,"CHARLES, MARK",INDEPENDENT,TRUE,65,4999960,20210113,OTHER
GEORGIA,GA,13,58,44,"SHERRILL, PETER",,TRUE,8,4999960,20210113,OTHER
GEORGIA,GA,13,58,44,"BODDIE, R. PRESIDENT",INDEPENDENT,TRUE,8,4999960,20210113,OTHER
GEORGIA,GA,13,58,44,"JACOB?FAMBRO, PRINCESS KHADIJAH MARYAM",INDEPENDENT,TRUE,7,4999960,20210113,OTHER
GEORGIA,GA,13,58,44,"HOWARD, SHAWN W.",,TRUE,5,4999960,20210113,OTHER
GEORGIA,GA,13,58,44,"BIDEN, JOSEPH R. JR",DEMOCRAT,FALSE,2473633,4999960,20210113,DEMOCRAT
GEORGIA,GA,13,58,44,"TRUMP, DONALD J.",REPUBLICAN,FALSE,2461854,4999960,20210113,REPUBLICAN
GEORGIA,GA,13,58,44,"JORGENSEN, JO",LIBERTARIAN,FALSE,62229,4999960,20210113,LIBERTARIAN
HAWAII,HI,15,95,82,"BIDEN, JOSEPH R. JR",DEMOCRAT,FALSE,366130,579784,20210113,DEMOCRAT
HAWAII,HI,15,95,82,"TRUMP, DONALD J.",REPUBLICAN,FALSE,196864,579784,20210113,REPUBLICAN
HAWAII,HI,15,95,82,"JORGENSEN, JO",LIBERTARIAN,FALSE,5539,579784,20210113,LIBERTARIAN
HAWAII,HI,15,95,82,"HAWKINS, HOWIE",GREEN,FALSE,3822,579784,20210113,OTHER
HAWAII,HI,15,95,82,"PIERCE, BROCK",AMERICAN SHOPPING PARTY,FALSE,1183,579784,20210113,OTHER
HAWAII,HI,15,95,82,"BLANKENSHIP, DON",CONSTITUTION PARTY,FALSE,931,579784,20210113,OTHER
HAWAII,HI,15,95,82,BLANK VOTES,,FALSE,4927,579784,20210113,OTHER
HAWAII,HI,15,95,82,OVERVOTES,,FALSE,388,579784,20210113,OTHER
IDAHO,ID,16,82,63,"BIDEN, JOSEPH R. JR",DEMOCRAT,FALSE,287021,868014,20210113,DEMOCRAT
IDAHO,ID,16,82,63,"TRUMP, DONALD J.",REPUBLICAN,FALSE,554119,868014,20210113,REPUBLICAN
IDAHO,ID,16,82,63,"JORGENSEN, JO",LIBERTARIAN,FALSE,16404,868014,20210113,LIBERTARIAN
IDAHO,ID,16,82,63,"HAWKINS, HOWIE",GREEN,TRUE,407,868014,20210113,OTHER
IDAHO,ID,16,82,63,"PIERCE, BROCK",INDEPENDENT,FALSE,2808,868014,20210113,OTHER
IDAHO,ID,16,82,63,"BLANKENSHIP, DON",CONSTITUTION PARTY,FALSE,1886,868014,20210113,OTHER
IDAHO,ID,16,82,63,"DE LA FUENTE, ROQUE """"ROCKY""""",INDEPENDENT,FALSE,1491,868014,20210113,OTHER
IDAHO,ID,16,82,63,"WEST, KANYE",INDEPENDENT,FALSE,3632,868014,20210113,OTHER
IDAHO,ID,16,82,63,"LA RIVA, GLORIA ESTELLA",PARTY FOR SOCIALISM AND LIBERATION,TRUE,49,868014,20210113,OTHER
IDAHO,ID,16,82,63,"CARROLL, BRIAN",AMERICAN SOLIDARITY PARTY,TRUE,163,868014,20210113,OTHER
IDAHO,ID,16,82,63,"CELLA, TODD",INDEPENDENT,TRUE,1,868014,20210113,OTHER
IDAHO,ID,16,82,63,"FRANKLIN, CHRIS",,TRUE,1,868014,20210113,OTHER
IDAHO,ID,16,82,63,"HOEFLING, TOM",NON-AFFILIATED,TRUE,7,868014,20210113,OTHER
IDAHO,ID,16,82,63,"HOWARD, SHAWN W.",,TRUE,4,868014,20210113,OTHER
IDAHO,ID,16,82,63,"SIMMONS, JADE",INDEPENDENT,TRUE,21,868014,20210113,OTHER
ILLINOIS,IL,17,33,21,"BIDEN, JOSEPH R. JR",DEMOCRAT,FALSE,3471915,6033743,20210113,DEMOCRAT
ILLINOIS,IL,17,33,21,"TRUMP, DONALD J.",REPUBLICAN,FALSE,2446891,6033743,20210113,REPUBLICAN
ILLINOIS,IL,17,33,21,"JORGENSEN, JO",LIBERTARIAN,FALSE,66544,6033743,20210113,LIBERTARIAN
ILLINOIS,IL,17,33,21,"HAWKINS, HOWIE",GREEN,FALSE,30494,6033743,20210113,OTHER
ILLINOIS,IL,17,33,21,"CARROLL, BRIAN",AMERICAN SOLIDARITY PARTY,FALSE,9548,6033743,20210113,OTHER
ILLINOIS,IL,17,33,21,"LA RIVA, GLORIA ESTELLA",PARTY FOR SOCIALISM AND LIBERATION,FALSE,8046,6033743,20210113,OTHER
ILLINOIS,IL,17,33,21,"FARNEY, JOHN",,TRUE,84,6033743,20210113,OTHER
ILLINOIS,IL,17,33,21,"SIMMONS, JADE",INDEPENDENT,TRUE,78,6033743,20210113,OTHER
ILLINOIS,IL,17,33,21,MARK CHARLES,INDEPENDENT,TRUE,75,6033743,20210113,OTHER
ILLINOIS,IL,17,33,21,"WELLS, KASEY",NON-AFFILIATED,TRUE,18,6033743,20210113,OTHER
ILLINOIS,IL,17,33,21,"BLANKENSHIP, DON",CONSTITUTION PARTY,TRUE,18,6033743,20210113,OTHER
ILLINOIS,IL,17,33,21,"WILLIAMS JR., ANDY",,TRUE,8,6033743,20210113,OTHER
ILLINOIS,IL,17,33,21,"BELLAR, BARBARA",,TRUE,7,6033743,20210113,OTHER
ILLINOIS,IL,17,33,21,"KISHORE, JOSEPH",INDEPENDENT,TRUE,5,6033743,20210113,OTHER
ILLINOIS,IL,17,33,21,"MCKEE, KEVIN",,TRUE,4,6033743,20210113,OTHER
ILLINOIS,IL,17,33,21,"COLLINS, PHIL",INDEPENDENT,TRUE,3,6033743,20210113,OTHER
ILLINOIS,IL,17,33,21,"STRUCK, JAMES TIMOTHY",,TRUE,2,6033743,20210113,OTHER
ILLINOIS,IL,17,33,21,"ROUSE, DEBORAH",,TRUE,1,6033743,20210113,OTHER
ILLINOIS,IL,17,33,21,"HIGGS, JEREMY",,TRUE,1,6033743,20210113,OTHER
ILLINOIS,IL,17,33,21,"SIMMONS, MARY RUTH CARO",,TRUE,1,6033743,20210113,OTHER
INDIANA,IN,18,32,22,"BIDEN, JOSEPH R. JR",DEMOCRAT,FALSE,1242416,3033118,20210113,DEMOCRAT
INDIANA,IN,18,32,22,"TRUMP, DONALD J.",REPUBLICAN,FALSE,1729519,3033118,20210113,REPUBLICAN
INDIANA,IN,18,32,22,"JORGENSEN, JO",LIBERTARIAN,FALSE,59232,3033118,20210113,LIBERTARIAN
INDIANA,IN,18,32,22,"HAWKINS, HOWIE",GREEN,TRUE,988,3033118,20210113,OTHER
INDIANA,IN,18,32,22,"CARROLL, BRIAN",AMERICAN SOLIDARITY PARTY,TRUE,893,3033118,20210113,OTHER
INDIANA,IN,18,32,22,"HOWARD, SHAWN W.",,TRUE,23,3033118,20210113,OTHER
INDIANA,IN,18,32,22,"MCCRAY, VALERIE",,TRUE,17,3033118,20210113,OTHER
INDIANA,IN,18,32,22,"SCHRINER, JOE",,TRUE,13,3033118,20210113,OTHER
INDIANA,IN,18,32,22,JOHNSON JR. JAMES L.,,TRUE,5,3033118,20210113,OTHER
INDIANA,IN,18,32,22,"ROUSE, DEBORAH",,TRUE,4,3033118,20210113,OTHER
INDIANA,IN,18,32,22,"WILLIAMS, MITCHELL",,TRUE,4,3033118,20210113,OTHER
INDIANA,IN,18,32,22,"STRIED, CHRISTOPHER",,TRUE,2,3033118,20210113,OTHER
INDIANA,IN,18,32,22,"F, RANDALL",,TRUE,1,3033118,20210113,OTHER
INDIANA,IN,18,32,22,"WELLS, KASEY",NON-AFFILIATED,TRUE,1,3033118,20210113,OTHER
IOWA,IA,19,42,31,"TRUMP, DONALD J.",REPUBLICAN,FALSE,897672,1700130,20210113,REPUBLICAN
IOWA,IA,19,42,31,"BIDEN, JOSEPH R. JR",DEMOCRAT,FALSE,759061,1700130,20210113,DEMOCRAT
IOWA,IA,19,42,31,"DE LA FUENTE, ROQUE """"ROCKY""""",INDEPENDENT,FALSE,1082,1700130,20210113,OTHER
IOWA,IA,19,42,31,"BLANKENSHIP, DON",CONSTITUTION PARTY,FALSE,1707,1700130,20210113,OTHER
IOWA,IA,19,42,31,"KING, RICKI SUE",GENEOLOGY KNOW YOUR FAMILY HISTORY PARTY,FALSE,546,1700130,20210113,OTHER
IOWA,IA,19,42,31,"HAWKINS, HOWIE",GREEN,FALSE,3075,1700130,20210113,OTHER
IOWA,IA,19,42,31,"JORGENSEN, JO",LIBERTARIAN,FALSE,19637,1700130,20210113,LIBERTARIAN
IOWA,IA,19,42,31,"PIERCE, BROCK",INDEPENDENT,FALSE,544,1700130,20210113,OTHER
IOWA,IA,19,42,31,"WEST, KANYE",INDEPENDENT,FALSE,3210,1700130,20210113,OTHER
IOWA,IA,19,42,31,,,TRUE,4337,1700130,20210113,OTHER
IOWA,IA,19,42,31,UNDERVOTES,,FALSE,6614,1700130,20210113,OTHER
IOWA,IA,19,42,31,OVERVOTES,,FALSE,2645,1700130,20210113,OTHER
KANSAS,KS,20,47,32,"TRUMP, DONALD J.",REPUBLICAN,FALSE,771406,1372303,20210113,REPUBLICAN
KANSAS,KS,20,47,32,"BIDEN, JOSEPH R. JR",DEMOCRAT,FALSE,570323,1372303,20210113,DEMOCRAT
KANSAS,KS,20,47,32,"JORGENSEN, JO",LIBERTARIAN,FALSE,30574,1372303,20210113,LIBERTARIAN
KENTUCKY,KY,21,61,51,"TRUMP, DONALD J.",REPUBLICAN,FALSE,1326646,2136768,20210113,REPUBLICAN
KENTUCKY,KY,21,61,51,"BIDEN, JOSEPH R. JR",DEMOCRAT,FALSE,772474,2136768,20210113,DEMOCRAT
KENTUCKY,KY,21,61,51,"JORGENSEN, JO",LIBERTARIAN,FALSE,26234,2136768,20210113,LIBERTARIAN
KENTUCKY,KY,21,61,51,"WEST, KANYE",INDEPENDENT,FALSE,6483,2136768,20210113,OTHER
KENTUCKY,KY,21,61,51,"PIERCE, BROCK",INDEPENDENT,FALSE,3599,2136768,20210113,OTHER
KENTUCKY,KY,21,61,51,"HAWKINS, HOWIE",GREEN,TRUE,716,2136768,20210113,OTHER
KENTUCKY,KY,21,61,51,"CARROLL, BRIAN",AMERICAN SOLIDARITY PARTY,TRUE,408,2136768,20210113,OTHER
KENTUCKY,KY,21,61,51,"LA RIVA, GLORIA ESTELLA",PARTY FOR SOCIALISM AND LIBERATION,TRUE,98,2136768,20210113,OTHER
KENTUCKY,KY,21,61,51,"CHARLES, MARK",INDEPENDENT,TRUE,43,2136768,20210113,OTHER
KENTUCKY,KY,21,61,51,"SIMMONS, JADE",INDEPENDENT,TRUE,29,2136768,20210113,OTHER
KENTUCKY,KY,21,61,51,"HOEFLING, TOM",NON-AFFILIATED,TRUE,20,2136768,20210113,OTHER
KENTUCKY,KY,21,61,51,"HOWARD, SHAWN W.",,TRUE,9,2136768,20210113,OTHER
KENTUCKY,KY,21,61,51,"BODDIE, R. PRESIDENT",INDEPENDENT,TRUE,7,2136768,20210113,OTHER
KENTUCKY,KY,21,61,51,"WELLS, KASEY",NON-AFFILIATED,TRUE,1,2136768,20210113,OTHER
KENTUCKY,KY,21,61,51,"STEVENS, TIMOTHY ALLEN",,TRUE,1,2136768,20210113,OTHER
LOUISIANA,LA,22,72,45,"BIDEN, JOSEPH R. JR",DEMOCRAT,FALSE,856034,2148062,20210113,DEMOCRAT
LOUISIANA,LA,22,72,45,"JORGENSEN, JO",LIBERTARIAN,FALSE,21645,2148062,20210113,LIBERTARIAN
LOUISIANA,LA,22,72,45,"TRUMP, DONALD J.",REPUBLICAN,FALSE,1255776,2148062,20210113,REPUBLICAN
LOUISIANA,LA,22,72,45,"CARROLL, BRIAN",AMERICAN SOLIDARITY PARTY,FALSE,2497,2148062,20210113,OTHER
LOUISIANA,LA,22,72,45,JADE SIMMONS,BECOMING ONE NATION,FALSE,1626,2148062,20210113,OTHER
LOUISIANA,LA,22,72,45,"BODDIE, R. PRESIDENT",C.U.P,FALSE,1125,2148062,20210113,OTHER
LOUISIANA,LA,22,72,45,"BLANKENSHIP, DON",CONSTITUTION PARTY,FALSE,860,2148062,20210113,OTHER
LOUISIANA,LA,22,72,45,"PIERCE, BROCK",FREEDOM AND PROSPERITY,FALSE,749,2148062,20210113,OTHER
LOUISIANA,LA,22,72,45,"HOEFLING, TOM","LIFE , LIBERTY, CONSTITUTION",FALSE,668,2148062,20210113,OTHER
LOUISIANA,LA,22,72,45,"LA RIVA, GLORIA ESTELLA",PARTY FOR SOCIALISM AND LIBERATION,FALSE,987,2148062,20210113,OTHER
LOUISIANA,LA,22,72,45,"KENNEDY, ALYSON",SOCIALIST WORKERS PARTY,FALSE,536,2148062,20210113,OTHER
LOUISIANA,LA,22,72,45,"WEST, KANYE",THE BIRTHDAY PARTY,FALSE,4897,2148062,20210113,OTHER
LOUISIANA,LA,22,72,45,"HAMMONS, BILL",UNITY PARTY,FALSE,662,2148062,20210113,OTHER
MAINE,ME,23,11,2,"BIDEN, JOSEPH R. JR",DEMOCRAT,FALSE,435072,828305,20210113,DEMOCRAT
MAINE,ME,23,11,2,"JORGENSEN, JO",LIBERTARIAN,FALSE,14152,828305,20210113,LIBERTARIAN
MAINE,ME,23,11,2,"TRUMP, DONALD J.",REPUBLICAN,FALSE,360737,828305,20210113,REPUBLICAN
MAINE,ME,23,11,2,"HAWKINS, HOWIE",GREEN,FALSE,8230,828305,20210113,OTHER
MAINE,ME,23,11,2,"DE LA FUENTE, ROQUE """"ROCKY""""",ALLIANCE,FALSE,1183,828305,20210113,OTHER
MAINE,ME,23,11,2,,,TRUE,87,828305,20210113,OTHER
MAINE,ME,23,11,2,BLANK VOTES,,FALSE,8844,828305,20210113,OTHER
MARYLAND,MD,24,52,52,"TRUMP, DONALD J.",REPUBLICAN,FALSE,976414,3037030,20210113,REPUBLICAN
MARYLAND,MD,24,52,52,"BIDEN, JOSEPH R. JR",DEMOCRAT,FALSE,1985023,3037030,20210113,DEMOCRAT
MARYLAND,MD,24,52,52,"JORGENSEN, JO",LIBERTARIAN,FALSE,33488,3037030,20210113,LIBERTARIAN
MARYLAND,MD,24,52,52,"HAWKINS, HOWIE",GREEN,FALSE,15799,3037030,20210113,OTHER
MARYLAND,MD,24,52,52,"SEGAL, JEROME M.",BREAD AND ROSES,FALSE,5884,3037030,20210113,OTHER
MARYLAND,MD,24,52,52,"BALL, DENNIS ANDREW",,TRUE,8,3037030,20210113,OTHER
MARYLAND,MD,24,52,52,"BELLAR, BARBARA",,TRUE,23,3037030,20210113,OTHER
MARYLAND,MD,24,52,52,"BODDIE, R. PRESIDENT",INDEPENDENT,TRUE,4,3037030,20210113,OTHER
MARYLAND,MD,24,52,52,"CARROLL, BRIAN",AMERICAN SOLIDARITY PARTY,TRUE,795,3037030,20210113,OTHER
MARYLAND,MD,24,52,52,"CELLA, TODD",INDEPENDENT,TRUE,11,3037030,20210113,OTHER
MARYLAND,MD,24,52,52,"CHARLES, MARK",INDEPENDENT,TRUE,30,3037030,20210113,OTHER
MARYLAND,MD,24,52,52,"COLLINS, PHIL",INDEPENDENT,TRUE,10,3037030,20210113,OTHER
MARYLAND,MD,24,52,52,"DE LA FUENTE, ROQUE """"ROCKY""""",ALLIANCE,TRUE,26,3037030,20210113,OTHER
MARYLAND,MD,24,52,52,"HOEFLING, TOM",NON-AFFILIATED,TRUE,11,3037030,20210113,OTHER
MARYLAND,MD,24,52,52,"HOWARD, SHAWN W.",,TRUE,20,3037030,20210113,OTHER
MARYLAND,MD,24,52,52,"LEE, JOHNSON",,TRUE,1,3037030,20210113,OTHER
MARYLAND,MD,24,52,52,"PIERCE, BROCK",INDEPENDENT,TRUE,16,3037030,20210113,OTHER
MARYLAND,MD,24,52,52,"ROUSE, DEBORAH",,TRUE,6,3037030,20210113,OTHER
MARYLAND,MD,24,52,52,"SHERRILL, PETER",,TRUE,3,3037030,20210113,OTHER
MARYLAND,MD,24,52,52,"SIMMONS, JADE",BECOMING ONE NATION,TRUE,131,3037030,20210113,OTHER
MARYLAND,MD,24,52,52,"WELLS, KASEY",NON-AFFILIATED,TRUE,5,3037030,20210113,OTHER
MARYLAND,MD,24,52,52,"WEST, KANYE",THE BIRTHDAY PARTY,TRUE,1117,3037030,20210113,OTHER
MARYLAND,MD,24,52,52,"LA RIVA, GLORIA ESTELLA",PARTY FOR SOCIALISM AND LIBERATION,TRUE,125,3037030,20210113,OTHER
MARYLAND,MD,24,52,52,"RALEY, ALBERT",,NA,32,3037030,20210113,OTHER
MARYLAND,MD,24,52,52,"SCHAWLB, BENJAMIN",,NA,3,3037030,20210113,OTHER
MARYLAND,MD,24,52,52,,,NA,18045,3037030,20210113,OTHER
MASSACHUSETTS,MA,25,14,3,"BIDEN, JOSEPH R. JR",DEMOCRAT,FALSE,2382202,3658005,20210113,DEMOCRAT
MASSACHUSETTS,MA,25,14,3,"TRUMP, DONALD J.",REPUBLICAN,FALSE,1167202,3658005,20210113,REPUBLICAN
MASSACHUSETTS,MA,25,14,3,"JORGENSEN, JO",LIBERTARIAN,FALSE,47013,3658005,20210113,LIBERTARIAN
MASSACHUSETTS,MA,25,14,3,"HAWKINS, HOWIE",GREEN-RAINBOW,FALSE,18658,3658005,20210113,OTHER
MASSACHUSETTS,MA,25,14,3,BLANK VOTES,,FALSE,26603,3658005,20210113,OTHER
MASSACHUSETTS,MA,25,14,3,,,TRUE,16327,3658005,20210113,OTHER
MICHIGAN,MI,26,34,23,"BIDEN, JOSEPH R. JR",DEMOCRAT,FALSE,2804040,5539302,20210113,DEMOCRAT
MICHIGAN,MI,26,34,23,"TRUMP, DONALD J.",REPUBLICAN,FALSE,2649852,5539302,20210113,REPUBLICAN
MICHIGAN,MI,26,34,23,"JORGENSEN, JO",LIBERTARIAN,FALSE,60381,5539302,20210113,LIBERTARIAN
MICHIGAN,MI,26,34,23,"BLANKENSHIP, DON",US TAXPAYERS PARTY,FALSE,7235,5539302,20210113,OTHER
MICHIGAN,MI,26,34,23,"HAWKINS, HOWIE",GREEN,FALSE,13718,5539302,20210113,OTHER
MICHIGAN,MI,26,34,23,"DE LA FUENTE, ROQUE """"ROCKY""""",NATURAL LAW,FALSE,2986,5539302,20210113,OTHER
MICHIGAN,MI,26,34,23,"CARROLL, BRIAN",AMERICAN SOLIDARITY PARTY,TRUE,963,5539302,20210113,OTHER
MICHIGAN,MI,26,34,23,"HOEFLING, TOM",,TRUE,32,5539302,20210113,OTHER
MICHIGAN,MI,26,34,23,"HUNTER, TARA RENEE",,TRUE,1,5539302,20210113,OTHER
MICHIGAN,MI,26,34,23,"SIMMONS, JADE",BECOMING ONE NATION,TRUE,89,5539302,20210113,OTHER
MICHIGAN,MI,26,34,23,"WELLS, KASEY",NON-AFFILIATED,TRUE,5,5539302,20210113,OTHER
MINNESOTA,MN,27,41,33,"TRUMP, DONALD J.",REPUBLICAN,FALSE,1484065,3277171,20210113,REPUBLICAN
MINNESOTA,MN,27,41,33,"BIDEN, JOSEPH R. JR",DEMOCRAT,FALSE,1717077,3277171,20210113,DEMOCRAT
MINNESOTA,MN,27,41,33,"DE LA FUENTE, ROQUE """"ROCKY""""",ALLIANCE,FALSE,5611,3277171,20210113,OTHER
MINNESOTA,MN,27,41,33,"HAWKINS, HOWIE",GREEN,FALSE,10033,3277171,20210113,OTHER
MINNESOTA,MN,27,41,33,"WEST, KANYE",INDEPENDENT,FALSE,7940,3277171,20210113,OTHER
MINNESOTA,MN,27,41,33,"PIERCE, BROCK",INDEPENDENT,FALSE,5651,3277171,20210113,OTHER
MINNESOTA,MN,27,41,33,"LA RIVA, GLORIA ESTELLA",PARTY FOR SOCIALISM AND LIBERATION,FALSE,1210,3277171,20210113,OTHER
MINNESOTA,MN,27,41,33,"KENNEDY, ALYSON",SOCIALIST WORKERS PARTY,FALSE,643,3277171,20210113,OTHER
MINNESOTA,MN,27,41,33,"JORGENSEN, JO",LIBERTARIAN,FALSE,34976,3277171,20210113,LIBERTARIAN
MINNESOTA,MN,27,41,33,,,TRUE,9965,3277171,20210113,OTHER
MISSISSIPPI,MS,28,64,46,"BIDEN, JOSEPH R. JR",DEMOCRAT,FALSE,539398,1313759,20210113,DEMOCRAT
MISSISSIPPI,MS,28,64,46,"TRUMP, DONALD J.",REPUBLICAN,FALSE,756764,1313759,20210113,REPUBLICAN
MISSISSIPPI,MS,28,64,46,"BLANKENSHIP, DON",CONSTITUTION PARTY,FALSE,1279,1313759,20210113,OTHER
MISSISSIPPI,MS,28,64,46,"CARROLL, BRIAN",AMERICAN SOLIDARITY PARTY,FALSE,1161,1313759,20210113,OTHER
MISSISSIPPI,MS,28,64,46,"COLLINS, PHIL",INDEPENDENT,FALSE,1317,1313759,20210113,OTHER
MISSISSIPPI,MS,28,64,46,"HAWKINS, HOWIE",GREEN,FALSE,1498,1313759,20210113,OTHER
MISSISSIPPI,MS,28,64,46,"JORGENSEN, JO",LIBERTARIAN,FALSE,8026,1313759,20210113,LIBERTARIAN
MISSISSIPPI,MS,28,64,46,"PIERCE, BROCK",INDEPENDENT,FALSE,659,1313759,20210113,OTHER
MISSISSIPPI,MS,28,64,46,"WEST, KANYE",INDEPENDENT,FALSE,3657,1313759,20210113,OTHER
MISSOURI,MO,29,43,34,"TRUMP, DONALD J.",REPUBLICAN,FALSE,1718736,3025962,20210113,REPUBLICAN
MISSOURI,MO,29,43,34,"BIDEN, JOSEPH R. JR",DEMOCRAT,FALSE,1253014,3025962,20210113,DEMOCRAT
MISSOURI,MO,29,43,34,"JORGENSEN, JO",LIBERTARIAN,FALSE,41205,3025962,20210113,LIBERTARIAN
MISSOURI,MO,29,43,34,"HAWKINS, HOWIE",GREEN,FALSE,8283,3025962,20210113,OTHER
MISSOURI,MO,29,43,34,"BLANKENSHIP, DON",CONSTITUTION PARTY,FALSE,3919,3025962,20210113,OTHER
MISSOURI,MO,29,43,34,,,TRUE,0,3025962,20210113,OTHER
MISSOURI,MO,29,43,34,"WELLS, KASEY",NON-AFFILIATED,TRUE,3,3025962,20210113,OTHER
MISSOURI,MO,29,43,34,"SIMMONS, JADE",BECOMING ONE NATION,TRUE,74,3025962,20210113,OTHER
MISSOURI,MO,29,43,34,"CARROLL, BRIAN",AMERICAN SOLIDARITY PARTY,TRUE,664,3025962,20210113,OTHER
MISSOURI,MO,29,43,34,"LA RIVA, GLORIA ESTELLA",PARTY FOR SOCIALISM AND LIBERATION,TRUE,64,3025962,20210113,OTHER
MONTANA,MT,30,81,64,"JORGENSEN, JO",LIBERTARIAN,FALSE,15252,603674,20210113,LIBERTARIAN
MONTANA,MT,30,81,64,"TRUMP, DONALD J.",REPUBLICAN,FALSE,343602,603674,20210113,REPUBLICAN
MONTANA,MT,30,81,64,"BIDEN, JOSEPH R. JR",DEMOCRAT,FALSE,244786,603674,20210113,DEMOCRAT
MONTANA,MT,30,81,64,"BELLAR, BARBARA",,TRUE,2,603674,20210113,OTHER
MONTANA,MT,30,81,64,"SIMMONS, JADE",BECOMING ONE NATION,TRUE,6,603674,20210113,OTHER
MONTANA,MT,30,81,64,"CHARLES, MARK",INDEPENDENT,TRUE,23,603674,20210113,OTHER
MONTANA,MT,30,81,64,"HOEFLING, TOM",,TRUE,3,603674,20210113,OTHER
NEBRASKA,NE,31,46,35,"TRUMP, DONALD J.",REPUBLICAN,FALSE,556846,956383,20210113,REPUBLICAN
NEBRASKA,NE,31,46,35,"BIDEN, JOSEPH R. JR",DEMOCRAT,FALSE,374583,956383,20210113,DEMOCRAT
NEBRASKA,NE,31,46,35,"JORGENSEN, JO",LIBERTARIAN,FALSE,20283,956383,20210113,LIBERTARIAN
NEBRASKA,NE,31,46,35,,,TRUE,4671,956383,20210113,OTHER
NEVADA,NV,32,88,65,"JORGENSEN, JO",LIBERTARIAN,FALSE,14783,1405376,20210113,LIBERTARIAN
NEVADA,NV,32,88,65,"TRUMP, DONALD J.",REPUBLICAN,FALSE,669890,1405376,20210113,REPUBLICAN
NEVADA,NV,32,88,65,"BIDEN, JOSEPH R. JR",DEMOCRAT,FALSE,703486,1405376,20210113,DEMOCRAT
NEVADA,NV,32,88,65,"BLANKENSHIP, DON",INDEPENDENT AMERICAN PARTY,FALSE,3138,1405376,20210113,OTHER
NEVADA,NV,32,88,65,,,TRUE,14079,1405376,20210113,OTHER
NEW HAMPSHIRE,NH,33,12,4,"JORGENSEN, JO",LIBERTARIAN,FALSE,13235,806182,20210113,LIBERTARIAN
NEW HAMPSHIRE,NH,33,12,4,"TRUMP, DONALD J.",REPUBLICAN,FALSE,365654,806182,20210113,REPUBLICAN
NEW HAMPSHIRE,NH,33,12,4,"BIDEN, JOSEPH R. JR",DEMOCRAT,FALSE,424921,806182,20210113,DEMOCRAT
NEW HAMPSHIRE,NH,33,12,4,"BUTTIGIEG, PETE",,TRUE,47,806182,20210113,OTHER
NEW HAMPSHIRE,NH,33,12,4,"CUOMO, ANDREW",,TRUE,14,806182,20210113,OTHER
NEW HAMPSHIRE,NH,33,12,4,"GABBARD, TULSI",,TRUE,142,806182,20210113,OTHER
NEW HAMPSHIRE,NH,33,12,4,"HAWKINS, HOWIE",GREEN,TRUE,217,806182,20210113,OTHER
NEW HAMPSHIRE,NH,33,12,4,"HUCKABEE, MIKE",,TRUE,10,806182,20210113,OTHER
NEW HAMPSHIRE,NH,33,12,4,"KASICH, JOHN",,TRUE,67,806182,20210113,OTHER
NEW HAMPSHIRE,NH,33,12,4,"KLOBUCHAR, AMY",,TRUE,19,806182,20210113,OTHER
NEW HAMPSHIRE,NH,33,12,4,"OBAMA, MICHELLE",,TRUE,10,806182,20210113,OTHER
NEW HAMPSHIRE,NH,33,12,4,"PAUL, RON",,TRUE,13,806182,20210113,OTHER
NEW HAMPSHIRE,NH,33,12,4,"PENCE, MIKE",,TRUE,56,806182,20210113,OTHER
NEW HAMPSHIRE,NH,33,12,4,"RICE, CONDOLEEZA",,TRUE,12,806182,20210113,OTHER
NEW HAMPSHIRE,NH,33,12,4,"ROMNEY, MITT",,TRUE,170,806182,20210113,OTHER
NEW HAMPSHIRE,NH,33,12,4,"SANDERS, BERNIE",,TRUE,192,806182,20210113,OTHER
NEW HAMPSHIRE,NH,33,12,4,"SHAHEEN, JEANNE",,TRUE,14,806182,20210113,OTHER
NEW HAMPSHIRE,NH,33,12,4,"SUNUNU, CHRIS",,TRUE,46,806182,20210113,OTHER
NEW HAMPSHIRE,NH,33,12,4,"SUPREME, VERMIN",,TRUE,22,806182,20210113,OTHER
NEW HAMPSHIRE,NH,33,12,4,"WELD, BILL",,TRUE,23,806182,20210113,OTHER
NEW HAMPSHIRE,NH,33,12,4,"WEST, KANYE",,TRUE,82,806182,20210113,OTHER
NEW HAMPSHIRE,NH,33,12,4,"YANG, ANDREW",,TRUE,58,806182,20210113,OTHER
NEW HAMPSHIRE,NH,33,12,4,,,TRUE,1158,806182,20210113,OTHER
NEW JERSEY,NJ,34,22,12,"TRUMP, DONALD J.",REPUBLICAN,FALSE,1883274,4549353,20210113,REPUBLICAN
NEW JERSEY,NJ,34,22,12,"BIDEN, JOSEPH R. JR",DEMOCRAT,FALSE,2608335,4549353,20210113,DEMOCRAT
NEW JERSEY,NJ,34,22,12,"JORGENSEN, JO",LIBERTARIAN,FALSE,31677,4549353,20210113,LIBERTARIAN
NEW JERSEY,NJ,34,22,12,"HAWKINS, HOWIE",GREEN,FALSE,14202,4549353,20210113,OTHER
NEW JERSEY,NJ,34,22,12,"HAMMONS, BILL",UNITY PARTY,FALSE,3255,4549353,20210113,OTHER
NEW JERSEY,NJ,34,22,12,"BLANKENSHIP, DON",CONSTITUTION PARTY,FALSE,2954,4549353,20210113,OTHER
NEW JERSEY,NJ,34,22,12,"LA RIVA, GLORIA ESTELLA",PARTY FOR SOCIALISM AND LIBERATION,FALSE,2928,4549353,20210113,OTHER
NEW JERSEY,NJ,34,22,12,"DE LA FUENTE, ROQUE """"ROCKY""""",ALLIANCE,FALSE,2728,4549353,20210113,OTHER
NEW MEXICO,NM,35,85,66,"HAWKINS, HOWIE",GREEN,FALSE,4426,923965,20210113,OTHER
NEW MEXICO,NM,35,85,66,"JORGENSEN, JO",LIBERTARIAN,FALSE,12585,923965,20210113,LIBERTARIAN
NEW MEXICO,NM,35,85,66,"BIDEN, JOSEPH R. JR",DEMOCRAT,FALSE,501614,923965,20210113,DEMOCRAT
NEW MEXICO,NM,35,85,66,"TITTLE, SHEILA ""SAMM""",CONSTITUTION PARTY,FALSE,1806,923965,20210113,OTHER
NEW MEXICO,NM,35,85,66,"TRUMP, DONALD J.",REPUBLICAN,FALSE,401894,923965,20210113,REPUBLICAN
NEW MEXICO,NM,35,85,66,"LA RIVA, GLORIA ESTELLA",PARTY FOR SOCIALISM AND LIBERATION,FALSE,1640,923965,20210113,OTHER
NEW YORK,NY,36,21,13,"BIDEN, JOSEPH R. JR",DEMOCRAT,FALSE,5230985,8661735,20210113,DEMOCRAT
NEW YORK,NY,36,21,13,"TRUMP, DONALD J.",REPUBLICAN,FALSE,3244798,8661735,20210113,REPUBLICAN
NEW YORK,NY,36,21,13,"HAWKINS, HOWIE",GREEN,FALSE,32753,8661735,20210113,OTHER
NEW YORK,NY,36,21,13,"JORGENSEN, JO",LIBERTARIAN,FALSE,60234,8661735,20210113,LIBERTARIAN
NEW YORK,NY,36,21,13,"PIERCE, BROCK",INDEPENDENT,FALSE,22587,8661735,20210113,OTHER
NEW YORK,NY,36,21,13,"CARROLL, BRIAN",AMERICAN SOLIDARITY PARTY,TRUE,805,8661735,20210113,OTHER
NEW YORK,NY,36,21,13,"LA RIVA, GLORIA ESTELLA",PARTY FOR SOCIALISM AND LIBERATION,TRUE,376,8661735,20210113,OTHER
NEW YORK,NY,36,21,13,"WELLS, KASEY",INDEPENDENT,TRUE,3,8661735,20210113,OTHER
NEW YORK,NY,36,21,13,"MANIMAS, JOHN",,TRUE,2,8661735,20210113,OTHER
NEW YORK,NY,36,21,13,"HOWARD, SHAWN W.",,TRUE,6,8661735,20210113,OTHER
NEW YORK,NY,36,21,13,"COLLINS, PHIL",PROHIBITION PARTY,TRUE,9,8661735,20210113,OTHER
NEW YORK,NY,36,21,13,"HODGES, PAUL",,TRUE,13,8661735,20210113,OTHER
NEW YORK,NY,36,21,13,"SIMMONS, JADE",BECOMING ONE NATION,TRUE,155,8661735,20210113,OTHER
NEW YORK,NY,36,21,13,"DE LA FUENTE, ROQUE """"ROCKY""""",ALLIANCE,TRUE,20,8661735,20210113,OTHER
NEW YORK,NY,36,21,13,"KISHORE, JOSEPH",INDEPENDENT,TRUE,28,8661735,20210113,OTHER
NEW YORK,NY,36,21,13,"MARTIN, DAVID A.",,TRUE,3,8661735,20210113,OTHER
NEW YORK,NY,36,21,13,"WEST, KANYE",THE BIRTHDAY PARTY,TRUE,1897,8661735,20210113,OTHER
NEW YORK,NY,36,21,13,"BLANKENSHIP, DON",CONSTITUTION PARTY,TRUE,43,8661735,20210113,OTHER
NEW YORK,NY,36,21,13,"BELLAR, BARBARA",,TRUE,2,8661735,20210113,OTHER
NEW YORK,NY,36,21,13,"CHARLES, MARK",INDEPENDENT,TRUE,98,8661735,20210113,OTHER
NEW YORK,NY,36,21,13,"HUNTER, DARIO",,TRUE,8,8661735,20210113,OTHER
NEW YORK,NY,36,21,13,"MONTANYE, RICHARD CHARLES",,TRUE,1,8661735,20210113,OTHER
NEW YORK,NY,36,21,13,BLANK VOTES,,FALSE,43541,8661735,20210113,OTHER
NEW YORK,NY,36,21,13,VOID,,FALSE,23368,8661735,20210113,OTHER
NORTH CAROLINA,NC,37,56,47,"TRUMP, DONALD J.",REPUBLICAN,FALSE,2758773,5524802,20210113,REPUBLICAN
NORTH CAROLINA,NC,37,56,47,"BIDEN, JOSEPH R. JR",DEMOCRAT,FALSE,2684292,5524802,20210113,DEMOCRAT
NORTH CAROLINA,NC,37,56,47,"JORGENSEN, JO",LIBERTARIAN,FALSE,48678,5524802,20210113,LIBERTARIAN
NORTH CAROLINA,NC,37,56,47,"HAWKINS, HOWIE",GREEN,FALSE,12195,5524802,20210113,OTHER
NORTH CAROLINA,NC,37,56,47,"BLANKENSHIP, DON",CONSTITUTION PARTY,FALSE,7549,5524802,20210113,OTHER
NORTH CAROLINA,NC,37,56,47,"SIMMONS, JADE",BECOMING ONE NATION,TRUE,119,5524802,20210113,OTHER
NORTH CAROLINA,NC,37,56,47,,,TRUE,13196,5524802,20210113,OTHER
NORTH DAKOTA,ND,38,44,36,"TRUMP, DONALD J.",REPUBLICAN,FALSE,235595,361819,20210113,REPUBLICAN
NORTH DAKOTA,ND,38,44,36,"BIDEN, JOSEPH R. JR",DEMOCRAT,FALSE,114902,361819,20210113,DEMOCRAT
NORTH DAKOTA,ND,38,44,36,"JORGENSEN, JO",LIBERTARIAN,FALSE,9393,361819,20210113,LIBERTARIAN
NORTH DAKOTA,ND,38,44,36,,,TRUE,1929,361819,20210113,OTHER
OHIO,OH,39,31,24,"TRUMP, DONALD J.",REPUBLICAN,FALSE,3154834,5922202,20210113,REPUBLICAN
OHIO,OH,39,31,24,"BIDEN, JOSEPH R. JR",DEMOCRAT,FALSE,2679165,5922202,20210113,DEMOCRAT
OHIO,OH,39,31,24,"JORGENSEN, JO",LIBERTARIAN,FALSE,67569,5922202,20210113,LIBERTARIAN
OHIO,OH,39,31,24,"BODDIE, R. PRESIDENT",INDEPENDENT,TRUE,3,5922202,20210113,OTHER
OHIO,OH,39,31,24,"CARROLL, BRIAN",AMERICAN SOLIDARITY PARTY,TRUE,1450,5922202,20210113,OTHER
OHIO,OH,39,31,24,"HAWKINS, HOWIE",GREEN,FALSE,18812,5922202,20210113,OTHER
OHIO,OH,39,31,24,"HOEFLING, TOM",,TRUE,114,5922202,20210113,OTHER
OHIO,OH,39,31,24,"HUNTER, DARIO",,TRUE,27,5922202,20210113,OTHER
OHIO,OH,39,31,24,"SIMMONS, JADE",BECOMING ONE NATION,TRUE,212,5922202,20210113,OTHER
OHIO,OH,39,31,24,"WELLS, KASEY",INDEPENDENT,TRUE,16,5922202,20210113,OTHER
OKLAHOMA,OK,40,73,53,"TRUMP, DONALD J.",REPUBLICAN,FALSE,1020280,1560699,20210113,REPUBLICAN
OKLAHOMA,OK,40,73,53,"BIDEN, JOSEPH R. JR",DEMOCRAT,FALSE,503890,1560699,20210113,DEMOCRAT
OKLAHOMA,OK,40,73,53,"JORGENSEN, JO",LIBERTARIAN,FALSE,24731,1560699,20210113,LIBERTARIAN
OKLAHOMA,OK,40,73,53,"SIMMONS, JADE",INDEPENDENT,FALSE,3654,1560699,20210113,OTHER
OKLAHOMA,OK,40,73,53,"WEST, KANYE",INDEPENDENT,FALSE,5597,1560699,20210113,OTHER
OKLAHOMA,OK,40,73,53,"PIERCE, BROCK",INDEPENDENT,FALSE,2547,1560699,20210113,OTHER
OREGON,OR,41,92,72,"TRUMP, DONALD J.",REPUBLICAN,FALSE,958448,2374321,20210113,REPUBLICAN
OREGON,OR,41,92,72,"BIDEN, JOSEPH R. JR",DEMOCRAT,FALSE,1340383,2374321,20210113,DEMOCRAT
OREGON,OR,41,92,72,"JORGENSEN, JO",LIBERTARIAN,FALSE,41582,2374321,20210113,LIBERTARIAN
OREGON,OR,41,92,72,"HAWKINS, HOWIE",PACIFIC GREEN,FALSE,11831,2374321,20210113,OTHER
OREGON,OR,41,92,72,"HUNTER, DARIO",PROGRESSIVE PARTY,FALSE,4988,2374321,20210113,OTHER
OREGON,OR,41,92,72,,,TRUE,17089,2374321,20210113,OTHER
PENNSYLVANIA,PA,42,23,14,"TRUMP, DONALD J.",REPUBLICAN,FALSE,3377674,6915283,20210113,REPUBLICAN
PENNSYLVANIA,PA,42,23,14,"BIDEN, JOSEPH R. JR",DEMOCRAT,FALSE,3458229,6915283,20210113,DEMOCRAT
PENNSYLVANIA,PA,42,23,14,"JORGENSEN, JO",LIBERTARIAN,FALSE,79380,6915283,20210113,LIBERTARIAN
RHODE ISLAND,RI,44,15,5,"BIDEN, JOSEPH R. JR",DEMOCRAT,FALSE,307486,516990,20210113,DEMOCRAT
RHODE ISLAND,RI,44,15,5,"TRUMP, DONALD J.",REPUBLICAN,FALSE,199922,516990,20210113,REPUBLICAN
RHODE ISLAND,RI,44,15,5,"JORGENSEN, JO",LIBERTARIAN,FALSE,5053,516990,20210113,LIBERTARIAN
RHODE ISLAND,RI,44,15,5,,,TRUE,2759,516990,20210113,OTHER
RHODE ISLAND,RI,44,15,5,"DE LA FUENTE, ROQUE """"ROCKY""""",ALLIANCE,FALSE,923,516990,20210113,OTHER
RHODE ISLAND,RI,44,15,5,"LA RIVA, GLORIA ESTELLA",PARTY FOR SOCIALISM AND LIBERATION,FALSE,847,516990,20210113,OTHER
SOUTH CAROLINA,SC,45,57,48,"CARROLL, BRIAN",AMERICAN SOLIDARITY PARTY,FALSE,767,2514096,20210113,OTHER
SOUTH CAROLINA,SC,45,57,48,"HAWKINS, HOWIE",GREEN,FALSE,6907,2514096,20210113,OTHER
SOUTH CAROLINA,SC,45,57,48,"TRUMP, DONALD J.",REPUBLICAN,FALSE,1385103,2514096,20210113,REPUBLICAN
SOUTH CAROLINA,SC,45,57,48,"DE LA FUENTE, ROQUE """"ROCKY""""",ALLIANCE,FALSE,1862,2514096,20210113,OTHER
SOUTH CAROLINA,SC,45,57,48,"JORGENSEN, JO",LIBERTARIAN,FALSE,27916,2514096,20210113,LIBERTARIAN
SOUTH CAROLINA,SC,45,57,48,"BIDEN, JOSEPH R. JR",DEMOCRAT,FALSE,1091541,2514096,20210113,DEMOCRAT
SOUTH DAKOTA,SD,46,45,37,"TRUMP, DONALD J.",REPUBLICAN,FALSE,261043,422609,20210113,REPUBLICAN
SOUTH DAKOTA,SD,46,45,37,"BIDEN, JOSEPH R. JR",DEMOCRAT,FALSE,150471,422609,20210113,DEMOCRAT
SOUTH DAKOTA,SD,46,45,37,"JORGENSEN, JO",LIBERTARIAN,FALSE,11095,422609,20210113,LIBERTARIAN
TENNESSEE,TN,47,62,54,"TRUMP, DONALD J.",REPUBLICAN,FALSE,1852475,3053851,20210113,REPUBLICAN
TENNESSEE,TN,47,62,54,"BIDEN, JOSEPH R. JR",DEMOCRAT,FALSE,1143711,3053851,20210113,DEMOCRAT
TENNESSEE,TN,47,62,54,"BLANKENSHIP, DON",INDEPENDENT,FALSE,5365,3053851,20210113,OTHER
TENNESSEE,TN,47,62,54,"DE LA FUENTE, ROQUE """"ROCKY""""",INDEPENDENT,FALSE,1860,3053851,20210113,OTHER
TENNESSEE,TN,47,62,54,"HAWKINS, HOWIE",INDEPENDENT,FALSE,4545,3053851,20210113,OTHER
TENNESSEE,TN,47,62,54,"JORGENSEN, JO",INDEPENDENT,FALSE,29877,3053851,20210113,OTHER
TENNESSEE,TN,47,62,54,"KENNEDY, ALYSON",INDEPENDENT,FALSE,2576,3053851,20210113,OTHER
TENNESSEE,TN,47,62,54,"LA RIVA, GLORIA ESTELLA",INDEPENDENT,FALSE,2301,3053851,20210113,OTHER
TENNESSEE,TN,47,62,54,"WEST, KANYE",INDEPENDENT,FALSE,10279,3053851,20210113,OTHER
TENNESSEE,TN,47,62,54,"BODDIE, R. PRESIDENT",INDEPENDENT,TRUE,1,3053851,20210113,OTHER
TENNESSEE,TN,47,62,54,"CARROLL, BRIAN",AMERICAN SOLIDARITY PARTY,TRUE,762,3053851,20210113,OTHER
TENNESSEE,TN,47,62,54,"HOEFLING, TOM",,TRUE,31,3053851,20210113,OTHER
TENNESSEE,TN,47,62,54,"SIMMONS, JADE",BECOMING ONE NATION,TRUE,68,3053851,20210113,OTHER
TEXAS,TX,48,74,49,"TRUMP, DONALD J.",REPUBLICAN,FALSE,5890347,11315056,20210113,REPUBLICAN
TEXAS,TX,48,74,49,"BIDEN, JOSEPH R. JR",DEMOCRAT,FALSE,5259126,11315056,20210113,DEMOCRAT
TEXAS,TX,48,74,49,"JORGENSEN, JO",LIBERTARIAN,FALSE,126243,11315056,20210113,LIBERTARIAN
TEXAS,TX,48,74,49,"HAWKINS, HOWIE",GREEN,FALSE,33396,11315056,20210113,OTHER
TEXAS,TX,48,74,49,"BODDIE, R. PRESIDENT",INDEPENDENT,TRUE,2012,11315056,20210113,OTHER
TEXAS,TX,48,74,49,"CARROLL, BRIAN",AMERICAN SOLIDARITY PARTY,TRUE,2785,11315056,20210113,OTHER
TEXAS,TX,48,74,49,"CELLA, TODD",INDEPENDENT,TRUE,205,11315056,20210113,OTHER
TEXAS,TX,48,74,49,"CUELLAR, JESSE",,TRUE,49,11315056,20210113,OTHER
TEXAS,TX,48,74,49,"HOEFLING, TOM",,TRUE,337,11315056,20210113,OTHER
TEXAS,TX,48,74,49,"LA RIVA, GLORIA ESTELLA",PARTY FOR SOCIALISM AND LIBERATION,TRUE,350,11315056,20210113,OTHER
TEXAS,TX,48,74,49,"LOEB, ABRAM",,TRUE,36,11315056,20210113,OTHER
TEXAS,TX,48,74,49,"MORROW, ROBERT",,TRUE,56,11315056,20210113,OTHER
TEXAS,TX,48,74,49,"WELLS, KASEY",INDEPENDENT,TRUE,114,11315056,20210113,OTHER
UTAH,UT,49,87,67,"PIERCE, BROCK",INDEPENDENT,TRUE,2623,1488289,20210113,OTHER
UTAH,UT,49,87,67,"WEST, KANYE",THE BIRTHDAY PARTY,TRUE,7213,1488289,20210113,OTHER
UTAH,UT,49,87,67,"BIDEN, JOSEPH R. JR",DEMOCRAT,FALSE,560282,1488289,20210113,DEMOCRAT
UTAH,UT,49,87,67,"BLANKENSHIP, DON",CONSTITUTION PARTY,FALSE,5551,1488289,20210113,OTHER
UTAH,UT,49,87,67,"JORGENSEN, JO",LIBERTARIAN,FALSE,38447,1488289,20210113,LIBERTARIAN
UTAH,UT,49,87,67,"MCHUGH, JOE",,TRUE,2229,1488289,20210113,OTHER
UTAH,UT,49,87,67,"HAWKINS, HOWIE",GREEN,FALSE,5053,1488289,20210113,OTHER
UTAH,UT,49,87,67,"LA RIVA, GLORIA ESTELLA",PARTY FOR SOCIALISM AND LIBERATION,TRUE,1139,1488289,20210113,OTHER
UTAH,UT,49,87,67,"TRUMP, DONALD J.",REPUBLICAN,FALSE,865140,1488289,20210113,REPUBLICAN
UTAH,UT,49,87,67,"CARROLL, BRIAN",AMERICAN SOLIDARITY PARTY,TRUE,368,1488289,20210113,OTHER
UTAH,UT,49,87,67,"HOEFLING, TOM",,TRUE,51,1488289,20210113,OTHER
UTAH,UT,49,87,67,"SIMMONS, JADE",BECOMING ONE NATION,TRUE,186,1488289,20210113,OTHER
UTAH,UT,49,87,67,"FORBES, KATHERINE",,TRUE,1,1488289,20210113,OTHER
UTAH,UT,49,87,67,"BODDIE, R. PRESIDENT",INDEPENDENT,TRUE,6,1488289,20210113,OTHER
VERMONT,VT,50,13,6,"BIDEN, JOSEPH R. JR",DEMOCRAT,FALSE,242820,370968,20210113,DEMOCRAT
VERMONT,VT,50,13,6,"TRUMP, DONALD J.",REPUBLICAN,FALSE,112704,370968,20210113,REPUBLICAN
VERMONT,VT,50,13,6,"JORGENSEN, JO",LIBERTARIAN,FALSE,3608,370968,20210113,LIBERTARIAN
VERMONT,VT,50,13,6,"HAWKINS, HOWIE",GREEN,FALSE,1310,370968,20210113,OTHER
VERMONT,VT,50,13,6,"WEST, KANYE",INDEPENDENT,FALSE,1269,370968,20210113,OTHER
VERMONT,VT,50,13,6,"PAIGE, BROOKE H.",GRUMPY OLD PATRIOTS,FALSE,1175,370968,20210113,OTHER
VERMONT,VT,50,13,6,"LAFONTAINE, CHRISTOPHER",INDEPENDENT,FALSE,856,370968,20210113,OTHER
VERMONT,VT,50,13,6,"DUNCAN, RICHARD",INDEPENDENT,FALSE,213,370968,20210113,OTHER
VERMONT,VT,50,13,6,"CARROLL, BRIAN",AMERICAN SOLIDARITY,FALSE,209,370968,20210113,OTHER
VERMONT,VT,50,13,6,"BLANKENSHIP, DON",CONSTITUTION,FALSE,208,370968,20210113,OTHER
VERMONT,VT,50,13,6,"KENNEDY, ALYSON",SOCIALIST WORKERS,FALSE,195,370968,20210113,OTHER
VERMONT,VT,50,13,6,"LA RIVA, GLORIA ESTELLA",LIBERTY UNION,FALSE,166,370968,20210113,OTHER
VERMONT,VT,50,13,6,"SWING, GARY",BOILING FROG,FALSE,141,370968,20210113,OTHER
VERMONT,VT,50,13,6,"COLLINS, PHIL",PROHIBITION,FALSE,137,370968,20210113,OTHER
VERMONT,VT,50,13,6,"MCCORMIC, KEITH",BULL MOOSE,FALSE,126,370968,20210113,OTHER
VERMONT,VT,50,13,6,"PIERCE, BROCK",UNAFFILIATED,FALSE,100,370968,20210113,OTHER
VERMONT,VT,50,13,6,"SEGAL, JEROME M.",BREAD AND ROSES,FALSE,65,370968,20210113,OTHER
VERMONT,VT,50,13,6,"HUBER, BLAKE",APPROVAL VOTING,FALSE,54,370968,20210113,OTHER
VERMONT,VT,50,13,6,"KOPITKE, KYLE KENLEY",INDEPENDENT,FALSE,53,370968,20210113,OTHER
VERMONT,VT,50,13,6,"DE LA FUENTE, ROQUE """"ROCKY""""",ALLIANCE,FALSE,48,370968,20210113,OTHER
VERMONT,VT,50,13,6,,,TRUE,1942,370968,20210113,OTHER
VERMONT,VT,50,13,6,OVERVOTES,,FALSE,278,370968,20210113,OTHER
VERMONT,VT,50,13,6,BLANK VOTES,,FALSE,3262,370968,20210113,OTHER
VERMONT,VT,50,13,6,"SCALF, ZACHARY",INDEPENDENT,FALSE,29,370968,20210113,OTHER
VIRGINIA,VA,51,54,40,"BIDEN, JOSEPH R. JR",DEMOCRAT,FALSE,2413568,4460524,20210113,DEMOCRAT
VIRGINIA,VA,51,54,40,"TRUMP, DONALD J.",REPUBLICAN,FALSE,1962430,4460524,20210113,REPUBLICAN
VIRGINIA,VA,51,54,40,"JORGENSEN, JO",LIBERTARIAN,FALSE,64761,4460524,20210113,LIBERTARIAN
VIRGINIA,VA,51,54,40,,,TRUE,19765,4460524,20210113,OTHER
WASHINGTON,WA,53,91,73,"BIDEN, JOSEPH R. JR",DEMOCRAT,FALSE,2369612,4087631,20210113,DEMOCRAT
WASHINGTON,WA,53,91,73,"TRUMP, DONALD J.",REPUBLICAN,FALSE,1584651,4087631,20210113,REPUBLICAN
WASHINGTON,WA,53,91,73,"JORGENSEN, JO",LIBERTARIAN,FALSE,80500,4087631,20210113,LIBERTARIAN
WASHINGTON,WA,53,91,73,"HAWKINS, HOWIE",GREEN,FALSE,18289,4087631,20210113,OTHER
WASHINGTON,WA,53,91,73,"LA RIVA, GLORIA ESTELLA",PARTY FOR SOCIALISM AND LIBERATION,FALSE,4840,4087631,20210113,OTHER
WASHINGTON,WA,53,91,73,"KENNEDY, ALYSON",SOCIALIST WORKERS PARTY,FALSE,2487,4087631,20210113,OTHER
WASHINGTON,WA,53,91,73,,,TRUE,27252,4087631,20210113,OTHER
WEST VIRGINIA,WV,54,55,56,"BIDEN, JOSEPH R. JR",DEMOCRAT,FALSE,235984,794652,20210113,DEMOCRAT
WEST VIRGINIA,WV,54,55,56,"TRUMP, DONALD J.",REPUBLICAN,FALSE,545382,794652,20210113,REPUBLICAN
WEST VIRGINIA,WV,54,55,56,"JORGENSEN, JO",LIBERTARIAN,FALSE,10687,794652,20210113,LIBERTARIAN
WEST VIRGINIA,WV,54,55,56,"HAWKINS, HOWIE",GREEN,FALSE,2599,794652,20210113,OTHER
WISCONSIN,WI,55,35,25,"BIDEN, JOSEPH R. JR",DEMOCRAT,FALSE,1630866,3298041,20210113,DEMOCRAT
WISCONSIN,WI,55,35,25,"TRUMP, DONALD J.",REPUBLICAN,FALSE,1610184,3298041,20210113,REPUBLICAN
WISCONSIN,WI,55,35,25,"BLANKENSHIP, DON",CONSTITUTION PARTY,FALSE,5146,3298041,20210113,OTHER
WISCONSIN,WI,55,35,25,"JORGENSEN, JO",INDEPENDENT,FALSE,38491,3298041,20210113,OTHER
WISCONSIN,WI,55,35,25,"CARROLL, BRIAN",AMERICAN SOLIDARITY PARTY,FALSE,5259,3298041,20210113,OTHER
WISCONSIN,WI,55,35,25,"WELLS, KASEY",INDEPENDENT,TRUE,25,3298041,20210113,OTHER
WISCONSIN,WI,55,35,25,"SIMMONS, JADE",BECOMING ONE NATION,TRUE,36,3298041,20210113,OTHER
WISCONSIN,WI,55,35,25,"BODDIE, R. PRESIDENT",INDEPENDENT,TRUE,5,3298041,20210113,OTHER
WISCONSIN,WI,55,35,25,"HAWKINS, HOWIE",GREEN,TRUE,1089,3298041,20210113,OTHER
WISCONSIN,WI,55,35,25,"LA RIVA, GLORIA ESTELLA",PARTY FOR SOCIALISM AND LIBERATION,TRUE,110,3298041,20210113,OTHER
WISCONSIN,WI,55,35,25,"WEST, KANYE",THE BIRTHDAY PARTY,TRUE,411,3298041,20210113,OTHER
WISCONSIN,WI,55,35,25,"CHARLES, MARK",INDEPENDENT,TRUE,52,3298041,20210113,OTHER
WISCONSIN,WI,55,35,25,,,TRUE,6367,3298041,20210113,OTHER
WYOMING,WY,56,83,68,"BIDEN, JOSEPH R. JR",DEMOCRAT,FALSE,73491,278503,20210113,DEMOCRAT
WYOMING,WY,56,83,68,"TRUMP, DONALD J.",REPUBLICAN,FALSE,193559,278503,20210113,REPUBLICAN
WYOMING,WY,56,83,68,"JORGENSEN, JO",LIBERTARIAN,FALSE,5768,278503,20210113,LIBERTARIAN
WYOMING,WY,56,83,68,"PIERCE, BROCK",INDEPENDENT,FALSE,2208,278503,20210113,OTHER
WYOMING,WY,56,83,68,,,TRUE,1739,278503,20210113,OTHER
WYOMING,WY,56,83,68,OVERVOTES,,FALSE,279,278503,20210113,OTHER
WYOMING,WY,56,83,68,UNDERVOTES,,FALSE,1459,278503,20210113,OTHER
